old_url,classification,action,destination_or_status,source_id,title
/home-2/,legitimate,301,/,29,Home Page
/about-3/,legitimate,301,/about/,30,About
/services-2/,legitimate,301,/services/,31,Services
/contact-2/,legitimate,301,/contact/,33,Contact
/blog/,compromised archive,404 now; 410 on HostGator production,Gone,1508,Blog
/about/,legitimate/legacy-template,KEEP,same URL (clean replacement content),1811,About
/services/,legitimate/legacy-template,KEEP,same URL (clean replacement content),1812,Services
/our-staff/,legitimate,301,/about/,1813,Our Staff
/franchise/,legitimate/legacy-template,KEEP,same URL (clean replacement content),1814,Franchise
/book-a-visit-now/,legitimate,301,/book/,2463,Book a visit now
/thanks/,legitimate,301,/thank-you,3125,First-Class Thank you!
/welcome/,legitimate,301,/contact/,3232,Welcome
/welcome/,legitimate,301,/contact/,3288,Inquiry
/hello-world/,WordPress demo/template post,404 now; 410 on HostGator production,Gone,1,Hello world!
/post-3/,WordPress demo/template post,404 now; 410 on HostGator production,Gone,244,Mastering the First Impression: Your intriguing post title goes here
/post-2/,WordPress demo/template post,404 now; 410 on HostGator production,Gone,246,The Art of Drawing Readers In: Your attractive post title goes here
/post-1/,WordPress demo/template post,404 now; 410 on HostGator production,Gone,247,Crafting Captivating Headlines: Your awesome post title goes here
/hello-world-2/,WordPress demo/template post,404 now; 410 on HostGator production,Gone,2399,Hello world!
/0x74d4662c/,compromised/spam post,404 now; 410 on HostGator production,Gone,2692,0x74d4662c
/coreldraw-2025-portable-exe-patch-windows-10-2025/,compromised/spam post,404 now; 410 on HostGator production,Gone,2694,CorelDRAW 2025 Portable exe [Patch] Windows 10 2025
/lumion-12-crack-serial-key-no-virus-x64-windows-11-tested/,compromised/spam post,404 now; 410 on HostGator production,Gone,2696,Lumion 12 Crack + Serial Key no Virus [x64] Windows 11 Tested
/adobe-acrobat-crack-activator-clean-x86x64-patch-mega/,compromised/spam post,404 now; 410 on HostGator production,Gone,2698,Adobe Acrobat Crack + Activator [Clean] [x86x64] Patch MEGA
/anydesk-full-activated-final-clean/,compromised/spam post,404 now; 410 on HostGator production,Gone,2700,AnyDesk Full-Activated Final Clean
/ace-utilities-crack-exe-final-lifetime-ultimate/,compromised/spam post,404 now; 410 on HostGator production,Gone,2702,Ace Utilities Crack exe [Final] Lifetime Ultimate
/adobe-premiere-pro-licenseactivated-all-versions-lifetime-verified/,compromised/spam post,404 now; 410 on HostGator production,Gone,2704,Adobe Premiere Pro License[Activated] All Versions Lifetime Verified
/adobe-illustrator-portable-100-worked-x64-100-worked/,compromised/spam post,404 now; 410 on HostGator production,Gone,2706,Adobe Illustrator Portable [100% Worked] x64 [100% Worked]
/xmanager-portable-activator-clean-x32-x64-full-ultimate/,compromised/spam post,404 now; 410 on HostGator production,Gone,2708,Xmanager Portable + Activator [Clean] (x32-x64) Full Ultimate
/beyond-compare-pro-edition-portable-only-final-x86x64-no-virus-mediafire/,compromised/spam post,404 now; 410 on HostGator production,Gone,2710,Beyond Compare Pro Edition Portable only [Final] (x86x64) no Virus MediaFire
/adobe-creative-cloud-2024-crack-for-pc-100-worked-x86x64-windows-10-multilingual/,compromised/spam post,404 now; 410 on HostGator production,Gone,2712,Adobe Creative Cloud 2024 Crack for PC [100% Worked] (x86x64) Windows 10 Multilingual
/easeus-data-recovery-full-activated-final-clean/,compromised/spam post,404 now; 410 on HostGator production,Gone,2714,EaseUS Data Recovery Full-Activated Final Clean
/ableton-live-looper-crack-tool-universal-x86x64-no-virus/,compromised/spam post,404 now; 410 on HostGator production,Gone,2715,Ableton Live looper Crack tool Universal (x86x64) [no Virus]
/virtualdj-pro-portable-serial-key-stable-100-worked-reddit/,compromised/spam post,404 now; 410 on HostGator production,Gone,2718,VirtualDJ PRO Portable + Serial Key Stable [100% Worked] Reddit
/xoftspy-antivirus-crack-tool-clean-windows-11-gdrive/,compromised/spam post,404 now; 410 on HostGator production,Gone,2720,XoftSpy AntiVirus Crack tool [Clean] Windows 11 gDrive
/teamviewer-2025-portable-product-key-final-x64-clean-github/,compromised/spam post,404 now; 410 on HostGator production,Gone,2722,TeamViewer 2025 Portable + Product Key [Final] x64 [Clean] GitHub
/office-365-plus-cracked-patch-x86-x64-windows-11/,compromised/spam post,404 now; 410 on HostGator production,Gone,2724,Office 365 plus Cracked Patch (x86-x64) Windows 11
/office-365-crack-for-pc-universal-x86x64-windows-2025/,compromised/spam post,404 now; 410 on HostGator production,Gone,2726,Office 365 Crack for PC Universal [x86x64] [Windows] 2025
/filmora-14-portable-keygen-windows-clean/,compromised/spam post,404 now; 410 on HostGator production,Gone,2728,Filmora 14 Portable + Keygen [Windows] Clean
/fl-studio-portable-exe-latest-x64-final-2025/,compromised/spam post,404 now; 410 on HostGator production,Gone,2730,FL Studio Portable exe [Latest] [x64] Final 2025
/winrar-crack-serial-key-stable-latest/,compromised/spam post,404 now; 410 on HostGator production,Gone,2732,WinRAR Crack + Serial Key Stable [Latest]
/winrar-7-00-crack-only-no-virus-100-worked-2025/,compromised/spam post,404 now; 410 on HostGator production,Gone,2734,WinRAR 7.00 Crack only no Virus [100% Worked] 2025
/panda-dome-advanced-portable-activator-patch-latest-reddit/,compromised/spam post,404 now; 410 on HostGator production,Gone,2737,Panda Dome Advanced Portable + Activator [Patch] Latest Reddit
/microsoft-project-professional-crack-product-key-100-worked-windows-11-verified/,compromised/spam post,404 now; 410 on HostGator production,Gone,2739,Microsoft Project Professional Crack + Product Key 100% Worked Windows 11 Verified
/vmware-workstation-crack-for-pc-full-latest-tested/,compromised/spam post,404 now; 410 on HostGator production,Gone,2741,VMware Workstation Crack for PC [Full] [Latest] Tested
/dvd-cloner-crack-keygen-latest-patch-zip/,compromised/spam post,404 now; 410 on HostGator production,Gone,2743,DVD-Cloner Crack + Keygen Latest [Patch] .zip
/uninstall-tool-portable-activator-lifetime-x64-final-bypass/,compromised/spam post,404 now; 410 on HostGator production,Gone,2745,Uninstall Tool Portable + Activator [Lifetime] x64 Final Bypass
/dvd-cloner-crack-activator-no-virus-x32x64-no-virus-premium/,compromised/spam post,404 now; 410 on HostGator production,Gone,2747,DVD-Cloner Crack + Activator no Virus (x32x64) no Virus Premium
/abbyy-finereader-corporate-individuals-standard-portable-only-clean-windows-10-premium/,compromised/spam post,404 now; 410 on HostGator production,Gone,2749,ABBYY FineReader Corporate Individuals Standard Portable only [Clean] Windows 10 Premium
/internet-download-manager-idm-6-40-portable-crack-windows-11-x86x64-no-virus/,compromised/spam post,404 now; 410 on HostGator production,Gone,2751,Internet Download Manager (IDM) 6.40 Portable + Crack Windows 11 [x86x64] no Virus
/torrent-ratio-keeper-monster-crack-exe-lifetime-x86-x64-final-github/,compromised/spam post,404 now; 410 on HostGator production,Gone,2753,Torrent Ratio Keeper Monster Crack exe [Lifetime] x86-x64 [Final] GitHub
/internet-download-manager-idm-crack-for-pc-stable-x64-windows-10-mega/,compromised/spam post,404 now; 410 on HostGator production,Gone,2755,Internet Download Manager (IDM) Crack for PC [Stable] [x64] Windows 10 MEGA
/kerio-control-crack-for-pc-universal-100-worked-premium/,compromised/spam post,404 now; 410 on HostGator production,Gone,2757,Kerio Control Crack for PC Universal [100% Worked] Premium
/win2pdf-pro-crack-only-final-lifetime-2025/,compromised/spam post,404 now; 410 on HostGator production,Gone,2759,Win2PDF Pro Crack only [Final] Lifetime 2025
/typing-quick-easy-portable-license-key-all-versions-x86x64-latest/,compromised/spam post,404 now; 410 on HostGator production,Gone,2761,Typing Quick & Easy Portable + License Key All Versions [x86x64] Latest
/flashfxp-crack-tool-latest-x64-patch/,compromised/spam post,404 now; 410 on HostGator production,Gone,2762,FlashFXP Crack tool [Latest] x64 Patch
/office-365-portable-crack-latest-stable-bypass/,compromised/spam post,404 now; 410 on HostGator production,Gone,2765,Office 365 Portable + Crack [Latest] [Stable] Bypass
/adobe-illustrator-2025-crack-for-pc-windows-10-x86-x64-100-worked-filecr/,compromised/spam post,404 now; 410 on HostGator production,Gone,2767,Adobe Illustrator 2025 Crack for PC Windows 10 [x86-x64] [100% Worked] FileCR
/filmora-portable-license-key-windows-lifetime-premium/,compromised/spam post,404 now; 410 on HostGator production,Gone,2769,Filmora Portable + License Key [Windows] [Lifetime] Premium
/vmware-workstation-crack-exe-latest-x86-x64-latest-instant/,compromised/spam post,404 now; 410 on HostGator production,Gone,2771,VMware Workstation Crack exe [Latest] x86-x64 [Latest] Instant
/corel-wordperfect-office-crack-tool-latest-x32x64-clean/,compromised/spam post,404 now; 410 on HostGator production,Gone,2773,Corel WordPerfect Office Crack tool [Latest] [x32x64] Clean
/zemana-antilogger-portable-tool-lifetime-x86x64-no-virus-filecr/,compromised/spam post,404 now; 410 on HostGator production,Gone,2775,Zemana AntiLogger Portable tool [Lifetime] x86x64 [no Virus] FileCR
/adobe-acrobat-pro-dc-2020-full-activated-latest-final-bypass/,compromised/spam post,404 now; 410 on HostGator production,Gone,2777,Adobe Acrobat Pro DC 2020 Full-Activated [Latest] [Final] Bypass
/google-maps-downloader-portable-keygen-lifetime-x32-x64-windows-10/,compromised/spam post,404 now; 410 on HostGator production,Gone,2779,Google Maps Downloader Portable + Keygen Lifetime [x32-x64] Windows 10
/easeus-data-recovery-freeactivated-full-x86x64-windows/,compromised/spam post,404 now; 410 on HostGator production,Gone,2781,EaseUS Data Recovery Free[Activated] Full (x86x64) [Windows]
/fl-studio-2025-crack-activator-no-virus-latest-genuine/,compromised/spam post,404 now; 410 on HostGator production,Gone,2783,FL Studio 2025 Crack + Activator no Virus [Latest] Genuine
/pdf4free-crack-only-clean-x32-x64-lifetime-reddit/,compromised/spam post,404 now; 410 on HostGator production,Gone,2786,PDF4Free Crack only Clean (x32-x64) Lifetime Reddit
/adobe-premiere-pro-2025-crack-exe-stable-clean-mediafire/,compromised/spam post,404 now; 410 on HostGator production,Gone,2788,Adobe Premiere Pro 2025 Crack exe Stable Clean MediaFire
/adobe-after-effects-portable-serial-key-clean-x86x64-patch-mega/,compromised/spam post,404 now; 410 on HostGator production,Gone,2790,Adobe After Effects Portable + Serial Key [Clean] (x86x64) Patch MEGA
/vegas-pro-crack-serial-key-patch-no-virus/,compromised/spam post,404 now; 410 on HostGator production,Gone,2792,Vegas Pro Crack + Serial Key [Patch] no Virus
/lumion-portable-tool-full-x32x64-windows-11-mega/,compromised/spam post,404 now; 410 on HostGator production,Gone,2794,Lumion Portable tool [Full] [x32x64] Windows 11 MEGA
/aida64-extreme-business-full-portable-product-key-final-final/,compromised/spam post,404 now; 410 on HostGator production,Gone,2796,AIDA64 Extreme & Business Full Portable + Product Key [Final] Final
/winrar-7-11-freeactivated-patch-x64-lifetime-tested/,compromised/spam post,404 now; 410 on HostGator production,Gone,2798,WinRAR 7.11 Free[Activated] [Patch] x64 [Lifetime] Tested
/easeus-data-recovery-crack-product-key-clean-x64-lifetime-instant/,compromised/spam post,404 now; 410 on HostGator production,Gone,2800,EaseUS Data Recovery Crack + Product Key Clean [x64] [Lifetime] Instant
/kmspico-office-2021-freeactivated-no-virus-clean-verified/,compromised/spam post,404 now; 410 on HostGator production,Gone,2802,KMSpico office 2021 Free[Activated] [no Virus] [Clean] Verified
/mobile-master-portable-only-lifetime-no-virus/,compromised/spam post,404 now; 410 on HostGator production,Gone,2804,Mobile Master Portable only [Lifetime] [no Virus]
/adobe-after-effects-2023-crack-for-pc-patch-100-worked/,compromised/spam post,404 now; 410 on HostGator production,Gone,2806,Adobe After Effects 2023 Crack for PC Patch [100% Worked]
/coreldraw-freeactivated-100-worked-x32-x64-100-worked-ultimate/,compromised/spam post,404 now; 410 on HostGator production,Gone,2808,CorelDRAW Free[Activated] 100% Worked [x32-x64] 100% Worked Ultimate
/elcomsoft-wireless-security-auditor-professional-crack-keygen-clean-no-virus-premium/,compromised/spam post,404 now; 410 on HostGator production,Gone,2810,Elcomsoft Wireless Security Auditor Professional Crack + Keygen [Clean] [no Virus] Premium
/pdffactory-pro-full-full-activated-final-final-unlimited/,compromised/spam post,404 now; 410 on HostGator production,Gone,2812,pdfFactory Pro Full Full-Activated [Final] [Final] Unlimited
/setup-factory-crack-keygen-latest-clean-reddit/,compromised/spam post,404 now; 410 on HostGator production,Gone,2814,Setup Factory Crack + Keygen [Latest] Clean Reddit
/eset-nod32-antivirus-home-security-essential-internet-security-full-activated-latest-patch-filecr/,compromised/spam post,404 now; 410 on HostGator production,Gone,2816,ESET NOD32 Antivirus Home Security Essential + Internet Security Full-Activated [Latest] [Patch] FileCR
/trade-ideas-tradewaves-crack-activator-windows-10-x86x64-windows-11-tested/,compromised/spam post,404 now; 410 on HostGator production,Gone,2818,Trade Ideas (TradeWave's) Crack + Activator Windows 10 [x86x64] Windows 11 Tested
/adobe-acrobat-portable-product-key-final-x64-patch-tested/,compromised/spam post,404 now; 410 on HostGator production,Gone,2820,Adobe Acrobat Portable + Product Key Final (x64) Patch Tested
/recuva-pro-portable-product-key-100-worked-stable-mega/,compromised/spam post,404 now; 410 on HostGator production,Gone,2821,Recuva PRO Portable + Product Key [100% Worked] [Stable] MEGA
/easeus-data-recovery-crack-tool-no-virus-x86x64-stable-2025/,compromised/spam post,404 now; 410 on HostGator production,Gone,2824,EaseUS Data Recovery Crack tool no Virus x86x64 Stable 2025
/matlab-r2024b-crack-license-key-patch-x32x64-lifetime-premium/,compromised/spam post,404 now; 410 on HostGator production,Gone,2826,MATLAB R2024b Crack + License Key Patch (x32x64) Lifetime Premium
/microsoft-word-crack-only-100-worked-stable/,compromised/spam post,404 now; 410 on HostGator production,Gone,2828,Microsoft Word Crack only [100% Worked] Stable
/readiris-pro-corporate-portable-crack-100-worked-x64-no-virus-bypass/,compromised/spam post,404 now; 410 on HostGator production,Gone,2829,Readiris Pro + Corporate Portable + Crack 100% Worked (x64) [no Virus] Bypass
/excel-to-pdf-converter-portable-crack-full-windows-genuine/,compromised/spam post,404 now; 410 on HostGator production,Gone,2832,Excel to PDF Converter Portable + Crack Full [Windows] Genuine
/sketchup-2022-portable-crack-lifetime-patch-instant/,compromised/spam post,404 now; 410 on HostGator production,Gone,2834,SketchUp 2022 Portable + Crack Lifetime Patch Instant
/super-internet-tv-crack-exe-stable-x86-x64-windows-filehippo/,compromised/spam post,404 now; 410 on HostGator production,Gone,2836,Super Internet TV Crack exe [Stable] [x86-x64] [Windows] FileHippo
/sketchup-2025-crack-keygen-no-virus-lifetime-mediafire/,compromised/spam post,404 now; 410 on HostGator production,Gone,2838,SketchUp 2025 Crack + Keygen [no Virus] [Lifetime] MediaFire
/cqg-qtrader-desktop-crack-100-worked-patch/,compromised/spam post,404 now; 410 on HostGator production,Gone,2840,CQG QTrader Desktop Crack 100% Worked Patch
/microsoft-excel-2025-portable-100-worked-100-worked-ultimate/,compromised/spam post,404 now; 410 on HostGator production,Gone,2843,Microsoft Excel 2025 Portable 100% Worked 100% Worked Ultimate
/youcam-365-cracked-100-worked-clean-unlimited/,compromised/spam post,404 now; 410 on HostGator production,Gone,2845,YouCam 365 Cracked [100% Worked] [Clean] Unlimited
/smartftp-enterprise-pre-activated-all-versions-latest-premium/,compromised/spam post,404 now; 410 on HostGator production,Gone,2847,SmartFTP Enterprise Pre-Activated All Versions Latest Premium
/matlab-r2024b-portable-exe-full-windows-11-bypass/,compromised/spam post,404 now; 410 on HostGator production,Gone,2849,MATLAB R2024b Portable exe [Full] Windows 11 Bypass
/pc-services-optimizer-licenseactivated-clean-windows-10-2026/,compromised/spam post,404 now; 410 on HostGator production,Gone,2851,PC Services Optimizer License[Activated] Clean Windows 10 2026
/solidworks-2023-portable-activator-stable-latest-filecr/,compromised/spam post,404 now; 410 on HostGator production,Gone,2853,SolidWorks 2023 Portable + Activator Stable [Latest] FileCR
/lumion-crack-portable-full-100-worked-premium/,compromised/spam post,404 now; 410 on HostGator production,Gone,2855,Lumion Crack + Portable Full 100% Worked Premium
/deskscapes-crack-portable-clean-lifetime-gdrive/,compromised/spam post,404 now; 410 on HostGator production,Gone,2857,DeskScapes Crack + Portable Clean [Lifetime] gDrive
/fl-studio-crack-for-pc-final-no-virus-tested/,compromised/spam post,404 now; 410 on HostGator production,Gone,2858,FL Studio Crack for PC [Final] [no Virus] Tested
/gfi-languard-crack-exe-no-virus-latest-instant/,compromised/spam post,404 now; 410 on HostGator production,Gone,2859,GFI LanGuard Crack exe [no Virus] Latest Instant
/office-365-full-activated-windows-windows-11-github/,compromised/spam post,404 now; 410 on HostGator production,Gone,2864,Office 365 Full-Activated [Windows] Windows 11 GitHub
/recuva-full-activated-full-patch-reddit/,compromised/spam post,404 now; 410 on HostGator production,Gone,2866,Recuva Full-Activated Full Patch Reddit
/winrar-7-12-portable-activator-full-x32x64-no-virus-github/,compromised/spam post,404 now; 410 on HostGator production,Gone,2868,WinRAR 7.12 Portable + Activator [Full] [x32x64] no Virus GitHub
/lumion-12-portable-only-universal-full-filehippo/,compromised/spam post,404 now; 410 on HostGator production,Gone,2870,Lumion 12 Portable only Universal Full FileHippo
/tmpgenc-authoring-works-portable-crack-windows-x64-windows-10-bypass/,compromised/spam post,404 now; 410 on HostGator production,Gone,2872,TMPGEnc Authoring Works Portable + Crack [Windows] [x64] Windows 10 Bypass
/adobe-premiere-pro-2023-portable-keygen-patch-x64-windows-11-github/,compromised/spam post,404 now; 410 on HostGator production,Gone,2874,Adobe Premiere Pro 2023 Portable + Keygen Patch x64 Windows 11 GitHub
/adobe-premiere-pro-portable-full-x86x64-lifetime-github/,compromised/spam post,404 now; 410 on HostGator production,Gone,2875,Adobe Premiere Pro Portable Full (x86x64) Lifetime GitHub
/filmora-full-activated-full-x86-x64-latest-reddit/,compromised/spam post,404 now; 410 on HostGator production,Gone,2881,Filmora Full-Activated Full [x86-x64] Latest Reddit
/tradingview-desktop-portable-serial-key-final-100-worked-zip/,compromised/spam post,404 now; 410 on HostGator production,Gone,2883,TradingView Desktop Portable + Serial Key Final [100% Worked] .zip
/cyberghost-full-activated-no-virus-x64-clean-2026/,compromised/spam post,404 now; 410 on HostGator production,Gone,2885,CyberGhost Full-Activated [no Virus] [x64] [Clean] 2026
/fl-studio-freeactivated-patch-no-virus/,compromised/spam post,404 now; 410 on HostGator production,Gone,2887,FL Studio Free[Activated] [Patch] [no Virus]
/prezi-premium-portable-tool-latest-lifetime-2026/,compromised/spam post,404 now; 410 on HostGator production,Gone,2889,Prezi Premium Portable tool [Latest] [Lifetime] 2026
/ableton-live-live-11-portable-lifetime-patch-2026/,compromised/spam post,404 now; 410 on HostGator production,Gone,2891,Ableton Live Live 11 Portable [Lifetime] [Patch] 2026
/adobe-photoshop-crack-product-key-final-x64-100-worked-ultimate/,compromised/spam post,404 now; 410 on HostGator production,Gone,2893,Adobe Photoshop Crack + Product Key [Final] (x64) [100% Worked] Ultimate
/pdf4free-portable-stable-final-mega/,compromised/spam post,404 now; 410 on HostGator production,Gone,2895,PDF4Free Portable Stable [Final] MEGA
/edrawings-freeactivated-patch-x86x64-windows-11-github/,compromised/spam post,404 now; 410 on HostGator production,Gone,2897,eDrawings Free[Activated] Patch [x86x64] Windows 11 GitHub
/mass-downloader-crack-keygen-full-windows/,compromised/spam post,404 now; 410 on HostGator production,Gone,2899,Mass Downloader Crack + Keygen Full [Windows]
/vegas-pro-full-activated-final-x32-x64-clean-filecr/,compromised/spam post,404 now; 410 on HostGator production,Gone,2900,Vegas Pro Full-Activated Final (x32-x64) [Clean] FileCR
/infix-pro-enterprise-portable-tool-100-worked-x86x64-lifetime-2026/,compromised/spam post,404 now; 410 on HostGator production,Gone,2903,Infix Pro Enterprise Portable tool 100% Worked x86x64 Lifetime 2026
/puffin-browser-business-crack-for-pc-windows-10-patch/,compromised/spam post,404 now; 410 on HostGator production,Gone,2905,Puffin Browser Business Crack for PC Windows 10 Patch
/express-burn-cd-and-dvd-burner-portable-lifetime-x86x64-stable-bypass/,compromised/spam post,404 now; 410 on HostGator production,Gone,2907,Express Burn CD and DVD Burner Portable Lifetime (x86x64) [Stable] Bypass
/macdrive-standard-activated-no-virus-stable-gdrive/,compromised/spam post,404 now; 410 on HostGator production,Gone,2909,MacDrive Standard Activated [no Virus] Stable gDrive
/sierra-chart-cracked-latest-x86x64-stable-2026/,compromised/spam post,404 now; 410 on HostGator production,Gone,2911,Sierra Chart Cracked [Latest] x86x64 [Stable] 2026
/internet-download-manager-idm-freeactivated-final-no-virus-2026/,compromised/spam post,404 now; 410 on HostGator production,Gone,2912,Internet Download Manager (IDM) Free[Activated] [Final] [no Virus] 2026
/prezi-premium-activated-final-x64-no-virus-unlimited/,compromised/spam post,404 now; 410 on HostGator production,Gone,2915,Prezi Premium Activated [Final] x64 no Virus Unlimited
/avg-pc-tuneup-crack-license-key-clean-windows-11-2026/,compromised/spam post,404 now; 410 on HostGator production,Gone,2917,AVG PC TuneUp Crack + License Key Clean Windows 11 2026
/atas-market-analysis-cracked-clean-stable-2026/,compromised/spam post,404 now; 410 on HostGator production,Gone,2919,ATAS Market Analysis Cracked [Clean] [Stable] 2026
/microsoft-word-portable-serial-key-lifetime-x86x64-no-virus-instant/,compromised/spam post,404 now; 410 on HostGator production,Gone,2921,Microsoft Word Portable + Serial Key Lifetime [x86x64] [no Virus] Instant
/reget-deluxe-cracked-latest-latest-2026/,compromised/spam post,404 now; 410 on HostGator production,Gone,2923,ReGet Deluxe Cracked Latest Latest 2026
/avg-pc-tuneup-portable-full-patch-verified/,compromised/spam post,404 now; 410 on HostGator production,Gone,2925,AVG PC TuneUp Portable [Full] [Patch] Verified
/treesize-professional-treesize-ultrasearch-professional-license-portable-only-windows-x86x64-windows-11-2026/,compromised/spam post,404 now; 410 on HostGator production,Gone,2927,TreeSize Professional TreeSize + UltraSearch Professional License Portable only [Windows] x86x64 Windows 11 2026
/escan-internet-security-suite-crack-tool-patch-stable-filehippo/,compromised/spam post,404 now; 410 on HostGator production,Gone,2929,eScan Internet Security Suite Crack tool [Patch] [Stable] FileHippo
/aomei-partition-assistant-licenseactivated-no-virus-latest-filecr/,compromised/spam post,404 now; 410 on HostGator production,Gone,2931,AOMEI Partition Assistant License[Activated] no Virus [Latest] FileCR
/microsoft-excel-crack-activator-stable-x86x64-lifetime-mediafire/,compromised/spam post,404 now; 410 on HostGator production,Gone,2933,Microsoft Excel Crack + Activator Stable (x86x64) [Lifetime] MediaFire
/recuva-activated-latest-lifetime/,compromised/spam post,404 now; 410 on HostGator production,Gone,2935,Recuva Activated [Latest] Lifetime
/ibm-spss-statisticsbase-activated-100-worked-x32-x64-lifetime-instant/,compromised/spam post,404 now; 410 on HostGator production,Gone,2937,IBM SPSS StatisticsBase Activated 100% Worked [x32-x64] Lifetime Instant
/lumion-2023-cracked-100-worked-x86-x64-full-mega/,compromised/spam post,404 now; 410 on HostGator production,Gone,2939,Lumion 2023 Cracked [100% Worked] [x86-x64] Full MEGA
/edrawings-portable-product-key-no-virus-x86-x64-full-gdrive/,compromised/spam post,404 now; 410 on HostGator production,Gone,2941,eDrawings Portable + Product Key no Virus (x86-x64) [Full] gDrive
/webcammax-ultimate-crack-serial-key-patch-x32x64-lifetime-instant/,compromised/spam post,404 now; 410 on HostGator production,Gone,2943,WebcamMax Ultimate Crack + Serial Key [Patch] (x32x64) Lifetime Instant
/universal-maps-downloader-crack-clean-x86-x64-windows-11-tested/,compromised/spam post,404 now; 410 on HostGator production,Gone,2945,Universal Maps Downloader Crack Clean [x86-x64] Windows 11 Tested
/ccleaner-portable-keygen-clean-x64-100-worked-2026/,compromised/spam post,404 now; 410 on HostGator production,Gone,2947,CCleaner Portable + Keygen Clean [x64] 100% Worked 2026
/anti-porn-licenseactivated-100-worked-x32-x64-full/,compromised/spam post,404 now; 410 on HostGator production,Gone,2949,Anti-Porn License[Activated] [100% Worked] (x32-x64) Full
/youtube-browser-crack-tool-lifetime-x64-lifetime/,compromised/spam post,404 now; 410 on HostGator production,Gone,2951,Youtube Browser Crack tool [Lifetime] (x64) [Lifetime]
/sierra-chart-crack-product-key-windows-11-x86x64-lifetime/,compromised/spam post,404 now; 410 on HostGator production,Gone,2953,Sierra Chart Crack + Product Key Windows 11 x86x64 [Lifetime]
/editplus-30-user-license-activated-patch-latest-2025/,compromised/spam post,404 now; 410 on HostGator production,Gone,2955,EditPlus 30-user license Activated Patch [Latest] 2025
/ssdlife-family-commercial-portable-crack-stable-patch-filehippo/,compromised/spam post,404 now; 410 on HostGator production,Gone,2957,SSDlife FAMILY & COMMERCIAL Portable + Crack [Stable] [Patch] FileHippo
/topaz-ai-6-crack-product-key-final-stable-mega/,compromised/spam post,404 now; 410 on HostGator production,Gone,2959,Topaz AI 6 Crack + Product Key [Final] [Stable] MEGA
/connectify-hotspot-crack-portable-final-x32-x64-latest-2026/,compromised/spam post,404 now; 410 on HostGator production,Gone,2961,Connectify Hotspot Crack + Portable Final (x32-x64) Latest 2026
/microsoft-word-cracked-latest-x86x64-100-worked-unlimited/,compromised/spam post,404 now; 410 on HostGator production,Gone,2963,Microsoft Word Cracked [Latest] [x86x64] [100% Worked] Unlimited
/total-commander-crack-100-worked-x32x64-full-premium/,compromised/spam post,404 now; 410 on HostGator production,Gone,2965,Total Commander Crack 100% Worked (x32x64) Full Premium
/express-burn-cd-and-dvd-burner-crack-serial-key-universal-patch-2026/,compromised/spam post,404 now; 410 on HostGator production,Gone,2967,Express Burn CD and DVD Burner Crack + Serial Key Universal Patch 2026
/autocad-electrical-license-activated-100-worked-x32-x64-no-virus/,compromised/spam post,404 now; 410 on HostGator production,Gone,2969,AutoCAD Electrical License Activated [100% Worked] [x32-x64] no Virus
/matlab-r2023b-crack-exe-patch-x86x64-windows-verified/,compromised/spam post,404 now; 410 on HostGator production,Gone,2971,MATLAB R2023b Crack exe Patch (x86x64) [Windows] Verified
/adobe-premiere-pro-2023-crack-exe-no-virus-patch-unlimited/,compromised/spam post,404 now; 410 on HostGator production,Gone,2973,Adobe Premiere Pro 2023 Crack exe [no Virus] Patch Unlimited
/presentation-assistant-pro-crack-portable-100-worked-x64-100-worked-zip/,compromised/spam post,404 now; 410 on HostGator production,Gone,2975,Presentation Assistant Pro Crack + Portable 100% Worked (x64) 100% Worked .zip
/winx-dvd-ripper-platinum-full-activated-clean-patch/,compromised/spam post,404 now; 410 on HostGator production,Gone,2978,WinX DVD Ripper Platinum Full-Activated [Clean] [Patch]
/anydesk-2023-crack-exe-windows-11-patch-premium/,compromised/spam post,404 now; 410 on HostGator production,Gone,2980,AnyDesk 2023 Crack exe Windows 11 Patch Premium
/hd-tune-pro-portable-serial-key-clean-lifetime-reddit/,compromised/spam post,404 now; 410 on HostGator production,Gone,2982,HD Tune Pro Portable + Serial Key [Clean] Lifetime Reddit
/adobe-premiere-pro-2023-portable-tool-100-worked-final-2025/,compromised/spam post,404 now; 410 on HostGator production,Gone,2984,Adobe Premiere Pro 2023 Portable tool [100% Worked] Final 2025
/vb-decompiler-developer-full-activated-lifetime-windows-11-filecr/,compromised/spam post,404 now; 410 on HostGator production,Gone,2986,VB Decompiler Developer Full-Activated [Lifetime] Windows 11 FileCR
/solidworks-portable-exe-windows-x32-x64-no-virus-github/,compromised/spam post,404 now; 410 on HostGator production,Gone,2988,SolidWorks Portable exe [Windows] (x32-x64) [no Virus] GitHub
/adfender-crack-license-key-100-worked-no-virus/,compromised/spam post,404 now; 410 on HostGator production,Gone,2990,AdFender Crack + License Key 100% Worked [no Virus]
/mobiledit-phone-manager-crack-windows-lifetime-github/,compromised/spam post,404 now; 410 on HostGator production,Gone,2992,MOBILedit Phone Manager Crack [Windows] [Lifetime] GitHub
/sketchup-vray-crack-serial-key-patch-stable/,compromised/spam post,404 now; 410 on HostGator production,Gone,2994,SketchUp VRay Crack + Serial Key [Patch] [Stable]
/easeus-data-recovery-18-licenseactivated-lifetime-no-virus-reddit/,compromised/spam post,404 now; 410 on HostGator production,Gone,2996,EaseUS Data Recovery 18 License[Activated] [Lifetime] [no Virus] Reddit
/pdfcamp-developer-crack-tool-patch-full/,compromised/spam post,404 now; 410 on HostGator production,Gone,2998,PDFcamp Developer Crack tool Patch Full
/office-365-plus-portable-only-latest-patch-2026/,compromised/spam post,404 now; 410 on HostGator production,Gone,3000,Office 365 plus Portable only [Latest] [Patch] 2026
/microsoft-word-crack-activator-windows-11-x86-x64-latest-2025/,compromised/spam post,404 now; 410 on HostGator production,Gone,3002,Microsoft Word Crack + Activator Windows 11 (x86-x64) Latest 2025
/sketchup-portable-serial-key-windows-11-x32-x64-clean-multilingual/,compromised/spam post,404 now; 410 on HostGator production,Gone,3004,SketchUp Portable + Serial Key Windows 11 [x32-x64] Clean Multilingual
/microsoft-office-portable-crack-windows-11-windows-10-genuine/,compromised/spam post,404 now; 410 on HostGator production,Gone,3006,Microsoft Office Portable + Crack Windows 11 Windows 10 Genuine
/coronavirus-disease-2019/,compromised/spam post,404 now; 410 on HostGator production,Gone,3008,Coronavirus disease 2019
/adobe-acrobat-2025-crack-portable-100-worked-100-worked/,compromised/spam post,404 now; 410 on HostGator production,Gone,3010,Adobe Acrobat 2025 Crack + Portable [100% Worked] 100% Worked
/easeus-data-recovery-portable-license-key-windows-100-worked/,compromised/spam post,404 now; 410 on HostGator production,Gone,3012,EaseUS Data Recovery Portable + License Key [Windows] 100% Worked
/internet-download-manager-idm-crack-only-latest-x86x64-windows-mediafire/,compromised/spam post,404 now; 410 on HostGator production,Gone,3014,Internet Download Manager (IDM) Crack only [Latest] x86x64 [Windows] MediaFire
/topaz-ai-freeactivated-final-stable/,compromised/spam post,404 now; 410 on HostGator production,Gone,3016,Topaz AI Free[Activated] Final Stable
/teamviewer-premium-crack-for-pc-clean-x86-x64-lifetime-2025/,compromised/spam post,404 now; 410 on HostGator production,Gone,3018,TeamViewer premium Crack for PC Clean x86-x64 [Lifetime] 2025
/licensecrawler-engineer-portable-only-no-virus-x86x64-latest-mega/,compromised/spam post,404 now; 410 on HostGator production,Gone,3020,LicenseCrawler Engineer Portable only no Virus (x86x64) Latest MEGA
/debunking-gambling-myths-which-are-true-and-which/,compromised/spam post,404 now; 410 on HostGator production,Gone,3022,Debunking Gambling Myths: Which Are True and Which Are False
/daemon-tools-portable-serial-key-no-virus-full-gdrive/,compromised/spam post,404 now; 410 on HostGator production,Gone,3024,DAEMON Tools Portable + Serial Key [no Virus] Full gDrive
/coronavirus-disease-2019-2/,compromised/spam post,404 now; 410 on HostGator production,Gone,3026,Coronavirus disease 2019
/coronavirus-disease-2019-3/,compromised/spam post,404 now; 410 on HostGator production,Gone,3028,Coronavirus disease 2019
/coronavirus-disease-2019-4/,compromised/spam post,404 now; 410 on HostGator production,Gone,3030,Coronavirus disease 2019
/coronavirus-disease-2019-5/,compromised/spam post,404 now; 410 on HostGator production,Gone,3032,Coronavirus disease 2019
/coronavirus-disease-2019-6/,compromised/spam post,404 now; 410 on HostGator production,Gone,3034,Coronavirus disease 2019
/coronavirus-disease-2019-7/,compromised/spam post,404 now; 410 on HostGator production,Gone,3036,Coronavirus disease 2019
/coronavirus-disease-2019-8/,compromised/spam post,404 now; 410 on HostGator production,Gone,3038,Coronavirus disease 2019
/coronavirus-disease-2019-9/,compromised/spam post,404 now; 410 on HostGator production,Gone,3040,Coronavirus disease 2019
/coronavirus-disease-2019-10/,compromised/spam post,404 now; 410 on HostGator production,Gone,3042,Coronavirus disease 2019
/coronavirus-disease-2019-11/,compromised/spam post,404 now; 410 on HostGator production,Gone,3044,Coronavirus disease 2019
/famous-gamblers-who-are-the-boldest-in-the-gaming/,compromised/spam post,404 now; 410 on HostGator production,Gone,3046,Famous Gamblers Who Are the Boldest in the Gaming World
/anydesk-portable-only-stable-x64-lifetime-verified/,compromised/spam post,404 now; 410 on HostGator production,Gone,3048,AnyDesk Portable only [Stable] [x64] Lifetime Verified
/futuras-tendencias-en-el-juego-hacia-donde-se/,compromised/spam post,404 now; 410 on HostGator production,Gone,3050,Futuras tendencias en el juego ¿hacia dónde se dirige la industria
/winnen-met-strategie-onmisbare-tips-voor-gokkers/,compromised/spam post,404 now; 410 on HostGator production,Gone,3052,Winnen met strategie onmisbare tips voor gokkers
/recuva-crack-for-pc-latest-lifetime-2025/,compromised/spam post,404 now; 410 on HostGator production,Gone,3054,Recuva Crack for PC [Latest] [Lifetime] 2025
/lightlogger-keylogger-portable-activator-full-x32-x64-clean-filehippo/,compromised/spam post,404 now; 410 on HostGator production,Gone,3056,LightLogger Keylogger Portable + Activator Full [x32-x64] [Clean] FileHippo
/endnote-full-license-crack-product-key-clean-x64-no-virus/,compromised/spam post,404 now; 410 on HostGator production,Gone,3058,EndNote Full License Crack + Product Key [Clean] (x64) no Virus
/navigating-the-maze-of-legal-regulations-in/,compromised/spam post,404 now; 410 on HostGator production,Gone,3060,Navigating the maze of legal regulations in gambling today
/microsoft-word-office-crack-serial-key-stable-x86x64-100-worked-reddit/,compromised/spam post,404 now; 410 on HostGator production,Gone,3062,Microsoft Word Office Crack + Serial Key [Stable] [x86x64] 100% Worked Reddit
/uninstall-tool-portable-product-key-universal-final-2026/,compromised/spam post,404 now; 410 on HostGator production,Gone,3064,Uninstall Tool Portable + Product Key Universal Final 2026
/adobe-illustrator-portable-exe-stable-x64-windows-gdrive/,compromised/spam post,404 now; 410 on HostGator production,Gone,3066,Adobe Illustrator Portable exe [Stable] (x64) [Windows] gDrive
/nano-antivirus-cracked-windows-10-x32-x64-100-worked/,compromised/spam post,404 now; 410 on HostGator production,Gone,3068,NANO AntiVirus Cracked Windows 10 (x32-x64) [100% Worked]
/winrar-pre-activated-windows-11-stable/,compromised/spam post,404 now; 410 on HostGator production,Gone,3070,WinRAR Pre-Activated Windows 11 [Stable]
/recuva-licenseactivated-100-worked-x86-x64-clean/,compromised/spam post,404 now; 410 on HostGator production,Gone,3072,Recuva License[Activated] [100% Worked] (x86-x64) Clean
/recuva-data-recovery-crack-tool-all-versions-full-mediafire/,compromised/spam post,404 now; 410 on HostGator production,Gone,3074,Recuva data recovery Crack tool All Versions Full MediaFire
/graphpad-prism-academic-corporate-portable-tool-patch-stable-zip/,compromised/spam post,404 now; 410 on HostGator production,Gone,3076,GraphPad Prism Academic & Corporate Portable tool Patch Stable .zip
/esignal-crack-activator-latest-patch/,compromised/spam post,404 now; 410 on HostGator production,Gone,3078,eSignal Crack + Activator Latest [Patch]
/kmspico-crack-keygen-full-x86x64-full-ultimate/,compromised/spam post,404 now; 410 on HostGator production,Gone,3080,KMSpico Crack + Keygen Full (x86x64) [Full] Ultimate
/recuva-crack-final-full-zip/,compromised/spam post,404 now; 410 on HostGator production,Gone,3082,Recuva Crack Final [Full] .zip
/exploring-the-psychological-triggers-behind/,compromised/spam post,404 now; 410 on HostGator production,Gone,3084,Exploring the psychological triggers behind gambling decisions
/topaz-ai-sharpen-portable-crack-stable-x86-x64-lifetime-zip/,compromised/spam post,404 now; 410 on HostGator production,Gone,3086,Topaz AI sharpen Portable + Crack [Stable] x86-x64 [Lifetime] .zip
/autocad-portable-crack-100-worked-x32x64-latest-filecr/,compromised/spam post,404 now; 410 on HostGator production,Gone,3088,AutoCAD Portable + Crack 100% Worked (x32x64) [Latest] FileCR
/populaire-variaties-van-gokspellen-en-hun/,compromised/spam post,404 now; 410 on HostGator production,Gone,3090,Populaire variaties van gokspellen en hun aantrekkingskracht
/technologie-en-de-toekomst-van-gokken-hoe/,compromised/spam post,404 now; 410 on HostGator production,Gone,3092,Technologie en de toekomst van gokken hoe innovaties de spelerservaring veranderen
/de-toekomst-van-casino-x27-s-wat-kunnen-we-8/,compromised/spam post,404 now; 410 on HostGator production,Gone,3094,De toekomst van casino&#x27;s wat kunnen we verwachten
/easeus-data-recovery-2025-crack-lifetime-x64-full-genuine/,compromised/spam post,404 now; 410 on HostGator production,Gone,3096,EaseUS Data Recovery 2025 Crack Lifetime [x64] [Full] Genuine
/culturele-perspectieven-op-gokken-in-nederland-een/,compromised/spam post,404 now; 410 on HostGator production,Gone,3098,Culturele perspectieven op gokken in Nederland een diepgaande analyse
/mastering-game-strategies-essential-tips-for-every/,compromised/spam post,404 now; 410 on HostGator production,Gone,3100,Mastering Game Strategies Essential Tips for Every Gambler
/online-or-offline-which-casino-experience-is-right/,compromised/spam post,404 now; 410 on HostGator production,Gone,3102,Online or offline Which casino experience is right for you
/exploring-ethical-dilemmas-in-gambling-a/,compromised/spam post,404 now; 410 on HostGator production,Gone,3104,Exploring ethical dilemmas in gambling a comprehensive overview
/revolutionizing-gambling-emerging-trends-and/,compromised/spam post,404 now; 410 on HostGator production,Gone,3106,Revolutionizing gambling emerging trends and innovations shaping the industry
/hitmanpro-crack-license-key-stable-x64-stable-mega/,compromised/spam post,404 now; 410 on HostGator production,Gone,3108,HitmanPro Crack + License Key [Stable] (x64) [Stable] MEGA
/sketchup-2024-full-activated-final-x86-x64-latest-2025/,compromised/spam post,404 now; 410 on HostGator production,Gone,3110,SketchUp 2024 Full-Activated [Final] [x86-x64] Latest 2025
/vegas-pro-21-crack-only-full-patch-instant/,compromised/spam post,404 now; 410 on HostGator production,Gone,3112,Vegas Pro 21 Crack only Full Patch Instant
/solidworks-crack-keygen-windows-10-latest-bypass/,compromised/spam post,404 now; 410 on HostGator production,Gone,3114,SolidWorks Crack + Keygen Windows 10 Latest Bypass
/category/general/,WordPress demo archive,404 now; 410 on HostGator production,Gone,,
